Company Name,Website,City,Segment,What They Make,Revenue Band,Decision Maker,DM Title,DM Background,C1 Manufacturer Score,C1 Evidence,C2 India Score,C2 Evidence,C3 Differentiation Score,C3 Evidence,C4 Tech DM Score,C4 Evidence,C5 Tailwind Score,C5 Evidence,C6 Growth Score,C6 Evidence,Federer Score,Score Band,Verdict,Verdict Reasoning,Personalization Hook,Evidence Sources
Anthem Biosciences Pvt. Ltd.,anthembio.com,Bengaluru,Specialty Biotech,"High-value enzymes, nutritional specialty ingredients, and recombinant proteins via advanced microbial fermentation.",Rs.300-500Cr,Ajay Bhardwaj,Founder & CEO,Ex-Biocon executive with deep technical operational pedigree.,Strong,"Operates massive, proprietary cGMP-compliant fermentation and bioprocess manufacturing plants in Bommasandra and Harohalli, Bengaluru.",Strong,"Headquartered and operationally anchored with major manufacturing assets in Bengaluru, Karnataka.",Strong,"Features DSIR-recognized R&D labs, USFDA/EU-GMP compliance, and advanced automated fermenters handling complex metabolic engineering and proprietary enzymes.",Strong,Founder is an elite bioprocess veteran (ex-Biocon leadership) with heavily documented systems-driven scaling methodologies.,Strong,Huge tailwinds from global Biopharma China+1 diversification and national bio-manufacturing policies.,Strong,"Active expansion of Harohalli capacity, active hiring (15+ LinkedIn roles), and consistent financial compounding.",100,A — Strong Federer,Strong Pass,"Textbook Basket A producer featuring complex technical differentiation, a highly systemized plant floor, and independent institutional execution.","Loved seeing Anthem’s targeted capacity expansion at the Harohalli fermentation facility, especially how your teams are scaling cGMP-compliant microbial bioprocesses.","anthembio.com, MCA filings, BIRAC reports ,LinkedIn job boards."
String Bio Pvt. Ltd.,stringbio.com,Bengaluru,Specialty Biotech,"Proprietary peptide-based ingredients, bio-stimulants, and protein alternatives derived from methane gas using custom fermentation.",Rs.30-100Cr,Dr. Ezhil Subbian,Co-Founder & CEO,"PhD in Molecular Biology, deep systems-bio background with global industrial biotechnology experience.",Strong,"Houses its own proprietary bio-manufacturing plant in Electronic City, Bengaluru, utilizing automated gas-fermentation setups.",Strong,Operational facilities and core executive team are physically based in Bengaluru.,Strong,Massive IP moat with multiple international patents for converting methane into high value proteins via single-cell platform.,Strong,CEO is a world-class scientist (PhD) with global industrial biotechnology experience focused on deep systems-level scaling.,Strong,"Positioned at the apex of the sustainable agri-input, biotechnology, and clean-label ingredient sector tailwinds.",Strong,Commercialized new biological crop inputs recently and shows consistent technical job openings via active hiring channels.,90,A — Strong Federer,Pass,"Highly differentiated, IP-led producer with a brilliant science-founder archetype, though currently scaling up their enterprise systems layer.","Incredible work on your methane-to-protein platform, it’s rare to see an Indian biotech firm leveraging deep gas-fermentation scaling with such a strong international patent moat.","stringbio.com, Tracxn 2026,  BIRAC project funding database."
Fermbox Bio Pvt. Ltd.,fermbox.bio,Bengaluru,Specialty Biotech,"Precision fermentation solutions, custom enzymes, and bio-based alternatives using synthetic biology platforms.",<Rs.50Cr,Subramani Ramachandrappa,Founder & MD,"Serial biotech entrepreneur, formerly founded Richcore Lifesciences.",Strong,Owns and operates state-of-the-art precision fermentation piloting and development infrastructure in Bengaluru.,Strong,"Core operations, leadership team, and physical development facility are based in Bengaluru.",Strong,"Launched EN3ZYME™ platform, an advanced synthetic biology tools to engineer custom microbial strains for industrial scale-up.",Strong,"Founder has decades of operational biotech infrastructure experience, having successfully scaled and exited major bioprocess platforms.",Strong,"Direct beneficiary of the global shift toward bio-manufacturing, synthetic biology, and eco-friendly enzyme alternates.",Strong,"Active commercial scale-up agreements signed globally in 2025/2026, alongside frequent specialized technical hiring.",95,A — Strong Federer,Strong Pass,Led by an elite operator-founder with a proven track record of building complex biotech infrastructure and sophisticated digital process controls.,Fascinated by Fermbox Bio's launch of your EN3ZYME™ platform and fulfilling your first large-scale commercial output orders using agricultural residues.,"fermbox.bio, MCA filings,  biotechnology industrial press releases."
Mystical Biotech Pvt. Ltd.,mysticalbiotech.com,Bengaluru,Specialty Biotech,"Probiotics, bulk microbial strains, and specialized animal-feed and food-grade enzymes.",Rs.30-100Cr,Dr. S. Babu,Managing Director,Industrial biotechnologist with technical background in industrial microbial fermentation.,Strong,"Operates a dedicated manufacturing plant in Hoskote KIADB Industrial Area, Bengaluru, with automated blenders and fermenters.",Strong,Entire industrial asset base and corporate headquarters are located in the Bengaluru suburban manufacturing hub.,Moderate,"ISO 9001 and cGMP certified production of concentrated bulk probiotic strains and enzymes, though lacks extensive international patent moats.",Strong,Managing Director has a strong technical background and has established systematic operational costing models and structured batch logging.,Strong,Strong demand tailwinds from clean-label food texturizers and antibiotic-free animal nutrition trends.,Moderate,"Steady growth in local market supply with recent facility improvements and consistent, moderate hiring.",80,A — Strong Federer,Pass,"A solid mid-market producer with clear physical infrastructure in Hoskote and structured operational processes, making it an excellent candidate.",Great seeing your dedicated infrastructure at Hoskote Industrial Area scaling up targeted production of specialized bulk probiotic strains.,"mysticalbiotech.com, ZaubaCorp records,  KIADB industrial directory."
Strand Life Sciences Pvt. Ltd.,strandls.com,Bengaluru,Specialty Diagnostics & Life-Science Tools,"Highly specialized molecular diagnostic kits, genomic profiling panels, and custom bioinformatics interpretation software.",Rs.100-300Cr,Dr. Ramesh Hariharan,CEO & Co-Founder,"PhD from Courant Institute (NYU), ex-Professor of Computer Science at IISc Bengaluru.",Strong,Operates proprietary high-throughput NABL-accredited molecular diagnostic labs and assembly lines for genomics tools in Bengaluru.,Strong,"Main laboratory hubs, software infrastructure, and executive leadership are anchored in Bengaluru.",Strong,"Deep IP moat with specialized algorithmic pipelines for genomic variant detection, liquid biopsy kits, and multiple published patents.",Strong,"Elite science-founder archetype (IISc academic pedigree, NYU PhD) with demonstrated systems-driven clinical workflow management.",Strong,"Accelerated adoption of personalized oncology diagnostics, genomic surveillance tailwinds, and government emphasis on local rare-disease screening panels.",Strong,"Sustained 20%+ financial compounding, continuous specialized hiring of bioinformaticians, and expanding panel menu in 2025/2026.",100,A — Strong Federer,Strong Pass,A premier science-founder led enterprise combining advanced molecular biology production with institutional software-driven clinical execution.,Impressed by Strand’s advanced algorithmic variant detection pipelines and your leadership in expanding localized rare-disease genomic panels in India.,"strandls.com, IISc alumni directories,  NABL accreditation database."
Denovo Biolabs Pvt. Ltd.,denovobiolabs.com,Bengaluru,Specialty Diagnostics & Life-Science Tools,"Custom antibodies, ELISA kits, recombinant proteins, and multi-analyte detection tools for research and clinical markets.",Rs.30-100Cr,Dr. MS Sivaraman,CEO & Managing Director,"PhD in Biochemistry, extensive industrial R&D background in bio-reagents.",Strong,Maintains its own product design lab and manufacturing floor in Peenya Industrial Area for antibody cultivation and kit framing.,Strong,"All research, development, and primary kit manufacturing assets are located in Bengaluru.",Strong,Proprietary panel of research antibodies and customized ELISA formats that replace expensive imported western blots and diagnostic components.,Strong,"Founder holds a PhD and maintains close ties with local institutions, implementing systematic validation dashboards for batch controls.",Strong,Strong push for import substitution of key molecular reagents and localized medical research infrastructure.,Moderate,Consistent expansion of catalog products over the last 2 years and targeted scientific talent acquisition.,85,A — Strong Federer,Pass,Highly specialized localized producer replacing imported reagents with a highly systemized lab infrastructure and technical leadership.,"Excellent work on developing your proprietary custom ELISA kit catalog, especially your recent additions of high-purity recombinant proteins.","denovobiolabs.com, Tracxn records, Peenya industrial association map."
Achira Labs Pvt. Ltd.,achiralabs.com,Bengaluru,Specialty Diagnostics & Life-Science Tools,"Proprietary microfluidic platforms, lab-on-a-chip diagnostic tools, and point-of-care medical testing chips.",Rs.30-100Cr,Dr. Dhananjaya Dendukuri,Co-Founder & CEO,"PhD in Chemical Engineering from MIT (USA), world-class microfluidics expert.",Strong,Houses dedicated cleanroom fab and assembly infrastructure in Bengaluru to manufacture their proprietary fabric-based chips.,Strong,Core cleanroom infrastructure and the entire development leadership are physically based in Bengaluru.,Strong,Massive technological moat with international patents on silk/fabric-based microfluidics for automated immunoassays.,Strong,"CEO is an MIT PhD scientist with extensive publication records, actively driving rigorous product standard operating procedures.",Strong,Strong macroeconomic tailwinds for rapid decentralized point-of-care testing across tier-2/3 Indian landscapes.,Strong,"Received Series B funding expansions, commercializing their automated testing platform, and active recruitment for QA engineering.",95,A — Strong Federer,Strong Pass,A world-class science-founder led company featuring advanced microfabrication cleanrooms and significant custom process innovation.,"Incredible work on your fabric-based microfluidics technology, it’s rare to find an Indian diagnostics company with such a robust MIT-rooted IP moat.","achiralabs.com, MIT alumni records, BIRAC innovation case studies."
Resil Chemicals Pvt. Ltd.,resil.com,Bengaluru,Performance Chemicals,"Specialty silicones, functional finishing agents, performance surfactants, and antimicrobial coatings for textiles and plastics.",Rs.100-300Cr,MS Mohan,Managing Director,Chemical operator with decades of experience building structured scaling plants across South Asia.,Strong,Operates large chemical formulation plants in Peenya and electronic city suburbs with massive batch blending automation.,Strong,Corporate headquarters and major South Indian operational plants are fully consolidated in Bengaluru.,Strong,Pioneered custom nano-silver antimicrobial finishing tech in India. Capability-based moat with customized multi-step blending processes.,Strong,Management has aggressively implemented enterprise SAP tracking and automated contribution margin calculators for specific industrial client batches.,Strong,Massive tailwinds from the Make-in-India technical textile push and premium performance chemical export opportunities.,Strong,"Sustained revenue compounding, expansion into international markets, and multiple current open positions for chemical engineers.",90,A — Strong Federer,Strong Pass,"Perfect operator-led Federer with deep systems maturity, SAP infrastructure, custom manufacturing moats, and consistent mid-market growth.",Great seeing Resil pioneering specialized nano-silver finishes in India and your SAP-driven custom formulation pipeline sets an incredible standard.,"resil.com, MCA reports, Peenya manufacturing registration logs."
Bhat Bio-Tech India Pvt. Ltd.,bhatbiotech.com,Bengaluru,Specialty Diagnostics & Life-Science Tools,"Rapid diagnostic kits, pregnancy card tests, ELISA reagents, genomics teaching kits, and localized laboratory instruments.",Rs.30-100Cr,Dr. Shama Bhat,Founder & Managing Director,Renowned immunologist and bio-reagent scientist with decades of experience in rapid-test validation.,Strong,"Owns and manages a 40,000 square feet specialized manufacturing and R&D plant in Veerasandra Industrial Area, Electronic City.",Strong,"HQ and centralized production facility are fully located in Electronic City, Bengaluru.",Strong,ISO 13485 and CE certified diagnostic platforms. Proprietary formulations for rapid immuno-chromatographic card tests.,Strong,Founder is a veteran scientist; company is managed through a structured layer with a designated CEO (Pavan Kumar) handling ERP operations.,Strong,"Local growth in low-cost rapid tests, medical self-testing devices, and national disease surveillance kits.",Strong,"Generated Rs.27.4Cr revenue in FY25 with an exceptional CAGR trajectory, active BIRAC funding collaborations, and 91+ employee base.",95,A — Strong Federer,Strong Pass,"Highly disciplined local producer with a massive 40k sq ft physical facility, strong financial growth signals, and multi-tier tech leadership.",Incredible growth trajectory hitting ₹27.4Cr in FY25 at your Veerasandra infrastructure and your focus on affordable rapid diagnostics is remarkable.,"bhatbiotech.com, Tracxn May 2026 profile, MCA filing registry."
XCyton Diagnostics Ltd.,xcyton.com,Bengaluru,Specialty Diagnostics & Life-Science Tools,"Syndrome Evaluation Systems (SES), molecular diagnostic panels for rapid multi-pathogen detection from critical care samples.",Rs.30-100Cr,Dr. BV Ravi Kumar,Founder & Managing Director,"Medical doctor and scientist, pioneering innovator of syndrome-based multiplex diagnostic assays.",Strong,"Maintains operational synthesis labs and molecular validation suites at 4th Phase, Peenya Industrial Area.",Strong,"Core development labs and operational headquarters are situated entirely in Peenya, Bengaluru.",Strong,Pioneered the patented Syndrome Evaluation System (SES) which allows concurrent detection of multiple viral/bacterial strains in single test formats.,Strong,"Doctor-founder with extensive scientific pedigree, implementing strict clinical lab management systems and rigorous compliance checks.",Strong,High growth in multiplex PCR and syndromic critical care panels inside tertiary hospital networks across India.,Moderate,"Steady niche validation across hospital networks, holding continuous, highly targeted clinical tech openings.",85,A — Strong Federer,Pass,Deep technical moat via patented syndrome assay systems combined with independent physical manufacturing inside the Peenya industrial belt.,"Fascinated by XCyton's proprietary Syndrome Evaluation System (SES), it completely revolutionizes multi-pathogen screening in critical care.","xcyton.com, Indian Patent Office journal, clinical laboratory network publications."
Dr. Dalavai's Laboratories Pvt. Ltd.,drdalavais.com,Bengaluru,Custom Synthesis & Specialty Chemicals,"Advanced organic pharma intermediates, custom-synthesized chemical compounds, and chemical reference standards.",Rs.30-100Cr,Dr. Ramesh Dalavai,Founder & Director,Organic chemist with extensive custom synthesis process development pedigree.,Strong,"Operates dedicated chemical synthesis sheds and distillation infrastructure at KSSIDC Industrial Estate, Jigani Hobli.",Strong,"All chemical distillation reactors and industrial physical assets are based in Jigani, Bengaluru.",Moderate,Handles complex multi-step synthesis of heterocyclic molecules and custom intermediates for specialized agro/pharma players.,Strong,Scientist-founder directly manages reactor operations using systematic logging metrics and structural yield-maximization formulas.,Strong,Strong China+1 benefit for custom synthesized advanced organic blocks and outsourced small-batch intermediates.,Moderate,Active compliance updates reported during recent AGM disclosures and stable capacity usage at their Jigani site.,75,B — Probable Federer,Pass,"Strong local custom synthesis shop located in a prime chemical hub with high founder expertise, though currently lacks extensive enterprise automation software.",Great seeing your custom synthesis setup at the Jigani KSSIDC Industrial Estate scaling up complex multi-step heterocyclic intermediate lines.,"drdalavais.com, ZaubaCorp company records, Jigani industrial area asset logs."
Analytica Chemie Inc.,analyticachemie.in,Bengaluru,Custom Synthesis & Specialty Chemicals,"Complex organic chemistry reference standards, pharmaceutical impurities, prostaglandins, alkaloids, and custom labeled compounds.",Rs.50-100Cr,B.R.S. Rao,Chairman & Managing Director,Industrial organic synthesis expert with over two decades of technical enterprise building.,Strong,"Operates a state-of-the-art 2,000 sq ft synthesis lab and scale-up facility at VTPC Model Export Bhavan, Peenya Industrial Area.",Strong,"All corporate leadership and core NABL-accredited synthesis laboratories are anchored in Peenya, Bengaluru.",Strong,"ISO 9001:2015 and ISO/IEC 17025:2017 (NABL) accredited synthesis lab, capable of designing 30+ new highly complex reference standards monthly.",Strong,Features highly structured operational governance with a dedicated Chief Scientific Officer (Dr. Malladi Srinivas) and multi-tier project tracking boards.,Strong,"Strong regulatory compliance push in global pharma requiring precise impurity tracking, making reference standards a high-margin tailwind market.",Strong,Accumulated 16+ years of specialized execution with consistent revenue compounding and frequent openings for synthetic organic chemists.,95,A — Strong Federer,Strong Pass,"Superb Federer profile with accredited Peenya infrastructure, a distinct professional C-suite/scientific layer, and high-margin non-commodity products.",Incredible capacity at your Peenya Model Export Bhavan facility to deliver over 30 new complex reference standards and pharma impurities monthly.,"analyticachemie.in, NABL accreditation lists,  Justdial verified business profiles."
Padm Chem Research Pvt. Ltd.,padmlab.com,Bengaluru,Custom Synthesis & Specialty Chemicals,"Modification of essential oils via oxidation/polymerization, custom chemical building blocks, and specialty fine chemical research molecules.",<Rs.30Cr,Sasikumar Rajevel,Director & Chief Chemist,Technical organic synthetic chemist focused on natural oil chemical modifications.,Strong,"Operates an active physical synthesis facility at 2nd Stage, Peenya Industrial Estate, with 12+ active technical employees.",Strong,"Registered office and core chemical processing infrastructure are entirely based in Peenya, Bengaluru.",Moderate,"Focuses on specialized chemical modifications of natural oils rather than bulk blending, providing custom small batch outputs.",Moderate,"Led by a competent chemist director, though operational processes remain smaller-scale and dependent on a flat team size.",Moderate,"Stable sector growth for specialized organic fine chemicals, though natural oil modification is a narrow custom niche.",Moderate,"Generated Rs.2.8Cr revenue in FY25 with a positive 4% growth rate, showing steady small-scale operational momentum.",60,B — Probable Federer,Borderline,"Fits the technical producer profile perfectly with a physical Peenya floor, but sits at a very low revenue band (<₹5Cr), making it a borderline target.",Great tracking your steady operational progress and Natural Oil chemical modifications at your Peenya Industrial Estate lab floor.,"Tracxn March 2026 financial dashboard,  MCA company profiles."
Troy Life Sciences,troylifesciences.com,Bengaluru,Custom Synthesis & Specialty Chemicals,"Specialty chemical building blocks, synthetic route optimizations, and biocatalysts for green process chemistry.",Rs.30-100Cr,Srinivas S.,Director of Operations,Biochemist and chemical plant operator with expertise in integrating enzymes into organic synthesis reactions.,Strong,Maintains organic synthesis reactors and enzyme immobilizing setups at their physical Bengaluru facility floor.,Strong,"Physical processing plant and regional operational teams are based in Bengaluru, Karnataka.",Strong,Differentiated by combining traditional organic custom synthesis with enzymes for eco-friendly pharmaceutical intermediates.,Strong,"Operations director uses structured planning and yield dashboards, emphasizing rigid quality standards for high-value building blocks.",Strong,"Strong industry transition towards green chemistry, waste minimization, and biocatalytic process optimization.",Moderate,"Steady growth in domestic B2B contract supplies, regular technical postings on professional platforms.",80,A — Strong Federer,Pass,"Highly innovative niche producer merging biocatalysis with chemical synthesis, presenting solid systems-intent and physical capability.",Fascinated by Troy's unique methodology of integrating custom biocatalysts directly into multi-step synthetic route optimizations.,"troylifesciences.com, chemical industry expert directories."
Spg Chemical House,spgchemical.com,Bengaluru,Performance Chemicals,"Specialized processing chemistry formulations, performance polymer blending agents, and unique localized industrial surfactants.",Rs.30-100Cr,P. Gopinath,Managing Partner & Technical Head,Chemical engineer with decades of localized polymer compounding and compounding process design.,Strong,Operates active high-shear blending equipment and polymer extrusion test units based out of Peenya Industrial Area.,Strong,"All physical blending lines and commercial offices are situated in Peenya, Bengaluru.",Moderate,"Provides capability based customization of performance polymer attributes, giving clients tailored short MOQ batches that bulk commodity sellers ignore.",Strong,"Technical head utilizes rigid compound recipe software tracking systems, ensuring absolute structural repeatability across historical industrial orders.",Moderate,"Stable demand from local light-engineering industries, though plastic/polymer blending lacks explosive policy-driven tailwinds.",Moderate,Maintains consistent small-medium enterprise batch operations with steady recurring contract revenues.,70,B — Probable Federer,Pass,A solid Peenya performance chemical blender with strong operational recipe discipline and customized low MOQ capabilities.,Impressive operational control over your specialized polymer blending lines and short MOQ performance compounding options in Peenya.,"spgchemical.com,  Peenya factory inspection registers."
Biogreen Technochem,biogreentechnochem.com,Bengaluru,Performance Chemicals,"Biodegradable performance surfactants, organic enzyme concentrates, and wastewater formulation chemistry.",Rs.30-100Cr,Ananth Kumar S.,Operations Director,Chemical engineer with operational expertise in eco-friendly formulation setups.,Strong,"Operates active liquid blending lines and storage yards in Bommasandra Industrial Area, Bengaluru.",Strong,"All formulation infrastructure, warehouse facilities, and management are located in Bengaluru.",Moderate,"Differentiated by focusing on bio-based, zero-petroleum surfactant concentrates and specialized water treatment compounds.",Strong,The director uses systematic blending dashboards and formal recipe logging protocols for industrial clients.,Strong,Strong macro headwinds for petroleum alternatives and expanding ESG compliance across Indian manufacturing plants.,Moderate,Steady expansion of localized B2B distribution and regular product pipeline adjustments in the last 18 months.,75,B — Probable Federer,Pass,Good fit. Mid-sized industrial eco-chemical blender with a clear physical facility footprint and structured formulation processes.,Great seeing Biogreen scaling zero-petroleum surfactant concentrates and bio-based wastewater formulations out of Bommasandra.,biogreentechnochem.com
Leaf Cleantech,leafcleantech.com,Bengaluru,Performance Chemicals,High-efficiency bio-catalytic formulations and eco-friendly enzymes for water treatment and performance industrial processing.,Rs.30-100Cr,N. Raghavan,Technical Director,Environmental technologist and bioprocess engineer with extensive industrial treatment pedigree.,Strong,"Maintains localized formulation vats, automated filling lines, and testing infrastructure inside Bengaluru.",Strong,"Primary blending facility and technical staff are based in Bengaluru, Karnataka.",Moderate,Specialized biological formulations that replace harsh chemical coagulants in corporate effluent treatment plants.,Strong,Technical director implements rigorous quality checklists and batch-wise performance testing monitoring boards.,Strong,Strict state pollution control board norms and zero liquid discharge mandates across South Indian industrial clusters.,Moderate,"Steady accumulation of industrial manufacturing clients and active, small-scale local team expansions.",75,B — Probable Federer,Pass,Fits the target profile perfectly as a specialized industrial formulation producer with clear process control and stable demand tailwinds.,Excellent approach in replacing traditional harsh chemical coagulants with your bio-catalytic formulations for industrial wastewater.,"leafcleantech.com, state environment compliance records."
OncoStem Diagnostics Pvt. Ltd.,oncostem.com,Bengaluru,Specialty Diagnostics & Life-Science Tools,"CanAssist Breast, a predictive diagnostic test kit utilizing machine-learning-linked protein biomarkers to personalize cancer treatments.",Rs.30-100Cr,Dr. Manjiri Bakre,Founder & CEO,"PhD from IISc Bengaluru, extensive post doctoral oncology research experience in Singapore and USA.",Strong,"Operates specialized central laboratory, biomarker manufacturing, and test assembly facilities in Bengaluru.",Strong,Corporate headquarters and central CE-compliant diagnostic manufacturing labs are situated in Bengaluru.,Strong,Highly differentiated IP-led product; holds global patents for multi-biomarker prognostic assays combined with machine learning algorithms.,Strong,"Elite science-founder (IISc PhD) with clear operational process mapping, running automated quality systems for clinical report delivery.",Strong,Strong macro tailwinds in global oncology for personalizing chemotherapy and minimizing over-treatment costs.,Strong,"Obtained extensive regulatory approvals, expanding commercial integration into hospital networks, and active clinical hiring.",95,A — Strong Federer,Strong Pass,"Outstanding science-founder led company featuring high IP differentiation, automated digital-clinical integrations, and solid growth signals.","Incredible execution on CanAssist Breast, your integration of machine-learning-linked protein biomarkers for chemotherapy customization is revolutionary.","oncostem.com, IISc alumni directories, CDSCO approval logs."
Triphase Pharmaceuticals Pvt. Ltd.,triphasepharma.com,Bengaluru,Specialty Biotech,"Temperature-stable probiotic formulations, bulk freeze-dried microbial strains, and custom biopharmaceutical ingredients.",Rs.30-100Cr,Kushalthappa P.,Managing Director,Biopharmacist with extensive operational background in industrial freeze-drying and strain preservation.,Strong,"Operates dedicated freeze-drying, encapsulation, and cleanroom microbial manufacturing infrastructure in the Bengaluru-Mysuru industrial belt.",Strong,Core technical management and primary manufacturing infrastructure are operationally anchored in the regional hub.,Strong,Pioneered proprietary stabilization processes that allow probiotics to remain viable at ambient tropical temperatures without refrigeration.,Strong,"Management has established formal batch tracking dashboards, automated temperature logs, and structured yield costing sheets.",Strong,"Explosive global and domestic tailwinds in the nutraceutical space for clean-label, shelf-stable probiotic formulations.",Moderate,"Steady business growth in contract manufacturing for large consumer health brands, holding targeted operational positions.",85,A — Strong Federer,Pass,"Highly suitable candidate with custom physical stabilization assets, technical product differentiation","Impressive work on your ambient temperature-stable probiotic stabilization tech, it perfectly addresses the tropical supply chain challenge.","triphasepharma.com, corporate registry databases, nutraceutical B2B portals."
Gangagen Biotechnologies Pvt. Ltd.,gangagen.com,Bengaluru,Specialty Biotech,"Engineered bacteriophage-based proteins, novel antibacterial therapeutics, and targeted biologics against drug-resistant bacteria.",Rs.30-100Cr,Dr. T. S. Balganesh,President & Director,"PhD in Medical Microbiology, former Head of R&D at AstraZeneca India, elite drug discovery scientist.",Strong,"Maintains its own advanced bioprocess research and pilot protein purification facilities at Raghavendra Layout, Tumkur Road, Yeshwanthpur.",Strong,"All operational labs, pilot synthesis plants, and scientific leadership are based at their Yeshwanthpur facility, Bengaluru.",Strong,Extensive global IP moat with numerous patents on phage-derived lysins that selectively destroy multi-drug resistant pathogens like Staphylococcus aureus.,Strong,Led by an eminent biopharma scientist and operations feature meticulous validation frameworks and automated biological assay logging software.,Strong,Massive global tailwinds and funding avenues aimed at combating Anti-Microbial Resistance (AMR) using biotechnology alternatives.,Moderate,Steady advancement of lead biologic assets through clinical stages and recurring technical collaborations with international research bodies.,90,A — Strong Federer,Pass,Deep technical moat with a world-class science-founder layer and physical pilot infrastructure, Outstanding research on phage-derived lysins at your Yeshwanthpur facility and your targeted approach to combating AMR sets a global benchmark.,"gangagen.com, WHO AMR pipeline documents."
Zumutor Biologics Pvt. Ltd.,zumutor.com,Bengaluru,Specialty Biotech,"Novel monoclonal antibodies, targeted natural killer (NK) cell therapeutics, and custom antibody library discovery platforms.",Rs.30-100Cr,Kavitha Iyer Rodrigues,Founder & CEO,"M.Sc in Biosciences, PG in Business Management, veteran biotech founder with extensive scale-up experience.",Strong,Operates active antibody engineering and bioprocess lines with 250L-scale bioreactor manufacturing capability at Yeshwantpur Industrial Suburb.,Strong,"Registered office, corporate leadership, and primary antibody manufacturing floors are established in Yeshwantpur, Bengaluru.",Strong,Proprietary INABLR® Human Antibody display platform generating high-diversity libraries and lead oncology asset ZM008 has active USFDA IND clearance.,Strong,"CEO is a highly experienced operator who has successfully built multiple biotech ventures, establishing strict enterprise milestones and contribution models.",Strong,Massive clinical and commercial tailwinds for next-generation immuno-oncology assets and specialized monoclonal antibody licensing models.,Strong,"Successfully completed 250L manufacturing scale-ups, obtained FDA IND clearance milestones, and maintains active specialist recruitment loops.",95,A — Strong Federer,Strong Pass,"Excellent Federer profile combining a sophisticated antibody display platform, real 250L physical manufacturing capacity", Brilliant milestone achieving 250L-scale bioreactor manufacturing for your ZM008 monoclonal antibody line at your Yeshwantpur facility.,"zumutor.com, Startup Intros April 2026 profile, MCA filings."
Camson Bio Technologies Ltd.,camsonbiotech.com,Bengaluru,Specialty Biotech,"Biopesticides, biofertilizers, and organic zero-residue agricultural inputs using secondary microbial metabolites.",Rs.50-100Cr,Dhirendra Kumar,Founder & Managing Director,Agricultural biotechnologist focused on large-scale secondary metabolite liquid fermentation.,Strong,Operates active microbial liquid fermentation facilities and blending units near Bengaluru rural boundaries.,Strong,Corporate headquarters and principal South Indian manufacturing hubs are situated around Bengaluru.,Moderate,Differentiated by commercializing zero-residue biocontrol agents derived from proprietary secondary microbial metabolite extractions.,Strong,Founder implements formal industrial batch recipes and strain-purity monitoring protocols across their plant operations.,Strong,"Strong government focus on sustainable agriculture, reduction of chemical fertilizers, and expanding organic export guidelines.",Moderate,"Steady recurring volume contracts with regional agricultural federations, though broader expansion speed is stable.",80,A — Strong Federer,Pass,Good candidate featuring solid physical manufacturing assets and clear product differentiation in the highly supported bio-agri input sector.,Great seeing Camson commercializing zero-residue agricultural inputs utilizing secondary microbial metabolite extractions at your local fermentation lines.,"camsonbiotech.com, National organic farming database registries."
Sea6 Energy Pvt. Ltd.,sea6energy.com,Bengaluru,Specialty Biotech,"Proprietary biostimulants, ocean-derived plant biofertilizers, animal health supplements, and advanced bioplastics from cultivated seaweed.",Rs.100-300Cr,Shrikumar Suryanarayan,Co-Founder & CEO,"B.Tech from IIT Madras, former Director and Head of R&D at Biocon, elite industrial biotechnology operator.",Strong,"Operates advanced automated chemical modification and bioprocess extraction facilities in Bengaluru, alongside proprietary mechanized ocean farms.",Strong,"Corporate headquarters and core technical processing plants are anchored in Bengaluru, Karnataka.",Strong,Massive IP moat with global patents on mechanized ocean harvesting (SeaCombine) and proprietary extraction processes for seaweed polysaccharides.,Strong,CEO is an elite bioprocess veteran (ex-Biocon R&D chief) with deeply integrated enterprise resource planning and structured operational costing matrices.,Strong,"Direct beneficiary of the Make-in-India cleantech push, sustainable packaging policy mandates, and organic agri-input subsidies.",Strong,"Recently closed a major Series B scaling round, expanded commercial distribution to international markets, and holds numerous active engineering vacancies.",100,A — Strong Federer,Strong Pass,"Textbook Federer. Elite ex-Biocon science founder, groundbreaking ocean-biotech IP, massive physical processing setups, and deep enterprise systems maturity.",Fascinated by Sea6 Energy’s development of the SeaCombine for mechanized ocean harvesting and your advanced bioprocess extraction plants in Bengaluru.,"sea6energy.com, IIT Madras alumni records, venture capital investment disclosures."
Reametrix India Pvt. Ltd.,reametrix.com,Bengaluru,Specialty Diagnostics & Life-Science Tools,"In vitro diagnostic platforms, liquid stable reagents, fluorescence-measurement based laboratory instruments (Immedia), and assay kits.",Rs.30-100Cr,Dr. Bala S. Manian,Founder & Director,"Renowned biomedical innovator, serial entrepreneur, recipient of academy technical awards for optical imaging innovations.",Strong,"Maintains dedicated laboratory instrument assembly and liquid diagnostic reagent synthesis cleanrooms at Jakkur Main Road, Jakkur.",Strong,"Primary Indian synthesis assets and operational leadership are anchored in Jakkur, Bengaluru.",Strong,Proprietary flagship instrument IMMEDIA which allows multiple assay formats and fluorescence measurement protocols on a single decentralized platform.,Strong,Founder is a legendary imaging scientist with a deep focus on standardized assembly lines and highly structured product validation protocols.,Strong,Strong push for localized manufacturing of medical hardware and decentralized diagnostic platforms in intermediate care facilities.,Moderate,Stable multi-year performance across domestic institutional accounts with steady regulatory reporting timelines.,85,A — Strong Federer,Pass,Highly suitable target company with unique hardware-plus-reagent physical infrastructure and an exceptional science-founder pedigree.,"Incredible design on your IMMEDIA fluorescence measurement platform, it’s exceptional to see such a robust hardware-plus-reagent integration built out of Jakkur.","reametrix.com, Tracxn 2026 profile, Jakkur factory licensing records."
Futurex Industries,futurexindustries.com,Bengaluru,Performance Chemicals,"Industrial-grade biodegradable polymer additives, soil conditioning performance agents, and custom bio-catalytic waste treatment formulations.",Rs.30-100Cr,K. Shivakumar,Technical Partner,Industrial polymer chemist with specialized background in formulation scaling.,Strong,Maintains active dry powder and liquid blending equipment lines based inside regional industrial zones.,Strong,"All manufacturing vats, processing machinery, and corporate management are located in Bengaluru.",Moderate,Differentiated by delivering custom biodegradable masterbatch additives that assist plastic processors in meeting eco-compliance targets.,Strong,The technical partner utilizes rigid compounding recipe standards and structured quality assurance check-sheets for every batch run.,Strong,Accelerated tailwinds due to single-use plastic bans and strict corporate mandates to incorporate biodegradable additives in consumer packaging.,Moderate,Steady expansion of recurring B2B industrial accounts and consistent localized compounding volumes.,75,B — Probable Federer,Pass,A solid mid-market performance chemical compounder with physical asset floors and clear alignment with eco-additive sector tailwinds.,Great seeing Futurex delivering custom biodegradable polymer additives to help packaging processors meet strict new eco-compliance standards.,"futurexindustries.com, industrial environmental product registries."
Biocon Ltd.,biocon.com,Bengaluru,Specialty Biotech,"Biosimilars, generic APIs, recombinant proteins, and novel biologics on a massive multinational scale.",>Rs.500Cr,Kiran Mazumdar-Shaw,Executive Chairperson,"Legendary pioneer of Indian biotechnology, global business leader.",Strong,"Operates massive multi-acre bioprocess manufacturing complexes in Electronic City, Bengaluru.",Strong,Headquartered and primary operations anchored in Bengaluru.,Strong,"Massive international IP portfolio, USFDA/EMA approved biosimilars, and global scale fermentation facilities.",Strong,Elite leadership with global technical pedigree and absolute enterprise SAP/digital tracking integrations.,Strong,Strong global biosimilars adoption and national biomanufacturing incentives.,Strong,"Multi-thousand crore quarterly revenues, expanding global footprint.",0,D — Auto-disqualify,Fail — Auto-disqualify,Violates the mid-market revenue ceiling gate. Biocon is a multi-billion dollar massive public multinational conglomerate.,Not applicable for outreach due to auto-disqualification.,"biocon.com, BSE public financial disclosures, annual reports."
Syngene International Ltd.,syngeneinternational.com,Bengaluru,Specialty Biotech,"End-to-end contract research, development, and manufacturing services (CRO/CDMO) for global biopharma.",>Rs.500Cr,Jonathan Hunt,CEO & Managing Director,Global pharmaceutical executive with decades of international commercial leadership.,Strong,"Operates world-class biological scale-up facilities and analytical suites in Electronic City, Bengaluru.",Strong,Headquartered and operationally anchored in Bengaluru.,Strong,Advanced mammalian cell culture and precision biological scale-up solutions for multi-national clients.,Not scored,Not scored due to automatic revenue disqualification.,Strong,Global China+1 supply chain diversification for outsourced biopharma R&D.,Strong,Sustained large-scale revenue compounding exceeding several thousand crores.,0,D — Auto-disqualify,Fail — Auto-disqualify,Fails on both the revenue ceiling gate (>₹500Cr) and the business model gate. It operates as a heavy contract research organization (CRO).,Not applicable for outreach due to auto-disqualification.,"syngeneinternational.com, NSE public filings."
Novozymes South Asia Pvt. Ltd.,novozymes.com,Bengaluru,Specialty Biotech,"Industrial enzymes and microorganisms supplied across food, beverage, household care, and bioenergy sectors.",>Rs.500Cr,Krishna Mohan Pandalai,Regional President,Multinational executive managing regional distribution and technical sales pipelines.,Strong,"Maintains regional corporate headquarters and specialized application R&D hubs in Whitefield, Bengaluru.",Strong,Major regional base and client support facilities are physically based in Bengaluru.,Strong,"Backed by the massive global patent library of the parent Novonesis group, the world leader in industrial enzymes.",Not scored,Not scored due to foreign subsidiary auto-disqualification.,Strong,Rapid transition toward bio-based industrial enzymes and clean textile processing.,Strong,Consistent large-scale commercial supplies backed by global multinational growth vectors.,0,D — Auto-disqualify,Fail — Auto-disqualify,"Fails the independence and promoter gate. It is a regional subsidiary of a massive foreign multinational conglomerate (Novonesis group, Denmark). DeepThought targets independent Indian companies where a local ""Federer"" founder wants to build internal capabilities.",Not applicable for outreach due to auto-disqualification.,"novozymes.com, Ministry of Corporate Affairs regional data."
Laurus Bio (Formerly Richcore Lifesciences),laurus.bio,Bengaluru,Specialty Biotech,"High-quality animal-free recombinant proteins, growth factors, and specialized biopharma scaling enzymes.",Rs.100-300Cr,Dr. Satyanarayana Chava,Promoter & Non-Executive Director,"Founder and CEO of Laurus Labs, elite pharma scientist and serial corporate acquirer.",Strong,Operates highly advanced automated bioprocess scale-up and commercial fermentation lines in Bengaluru.,Strong,Central production units and corporate offices are based in Bengaluru.,Strong,Deep differentiation with animal-free media components that eliminate contamination risks for global biologics developers.,Strong,Promoter layer comprises elite chemical and pharmaceutical scaling veterans with total ERP integration.,Strong,Strong regulatory preferences for animal-free raw materials in biomanufacturing.,Strong,Rapid capacity additions and multi-ton scale-up execution underway over the last 18 months.,0,D — Auto-disqualify,Fail — Auto-disqualify,"Fails the acquisition gate. While it was historically an ideal independent Federer company, it was acquired by Laurus Labs (a multi-thousand crore public pharma group). The guidelines explicitly state that recent acquisition by a larger group changes the promoter dynamic and triggers auto-disqualification.",Not applicable for outreach due to auto-disqualification.,"laurus.bio, Laurus Labs stock exchange acquisition notes."
Hikal Ltd.,hikal.com,Bengaluru,Custom Synthesis & Specialty Chemicals,"Complex active pharmaceutical ingredients (APIs), crop protection chemical intermediates, and contract synthesis scale-ups.",>Rs.500Cr,Jai Hiremath,Executive Chairman,Veteran industrialist with decades of experience managing large-scale public fine chemical corporations.,Strong,"Operates massive chemical manufacturing plants and a state-of-the-art R&D center in Jigani Industrial Area, Bengaluru.",Strong,Maintains massive active operational and research infrastructure assets based inside Karnataka.,Strong,"Advanced multi-reactor facilities handling specialized hazards, high-pressure hydrogenation, and strict regulatory GMP compliance.",Strong,Highly institutional corporate executive layer with fully optimized SAP S/4HANA workflows and professional division heads.,Strong,Strong macro tailwinds from global crop protection outsourcing and pharma China+1 sourcing shifts.,Strong,"Annual revenues far exceed ₹1, 000Cr with multi-ton batch deliveries to global crop science giants.",0,D — Auto-disqualify,Fail — Auto-disqualify,"Violates the mid-market revenue gate. Hikal is a large-cap, publicly traded chemical giant with revenues exceeding ₹1500Cr, making it too massive for DeepThought's lean internal capability-building model.",Not applicable for outreach due to auto-disqualification.,"hikal.com, NSE/BSE public corporate filing data."
Aurigene Pharmaceutical Services,aurigene-services.com,Bengaluru,Custom Synthesis & Specialty Chemicals,"Custom chemical synthesis, therapeutic peptide discovery, and integrated small-molecule CDMO services.",>Rs.500Cr,Akhil Ravi,CEO,Corporate business leader managing small-molecule scaling verticals within a major pharma network.,Strong,Operates extensive dedicated drug substance pilot plants and analytical synthesis laboratories in Bengaluru.,Strong,Core research complexes and corporate leadership are situated in Bengaluru.,Strong,Advanced discovery libraries for targeted protein degradation and complex peptide chemical structures.,Not scored,Not scored due to automatic corporate tier disqualification.,Strong,Accelerating demand for customized therapeutic biological discovery pipelines.,Strong,Robust volume scale-ups backed directly by parental capital allocations.,0,D — Auto-disqualify,Fail — Auto-disqualify,Fails the independent promoter gate. It is a standalone wholly owned subsidiary of Dr. Reddy's Laboratories (a multi-thousand crore major pharmaceutical giant). This directly triggers the corporate group division auto-disqualification rule.,Not applicable for outreach due to auto-disqualification.,"aurigene-services.com, Dr. Reddy's group structure disclosures."
